"panel","condition","x_value_uM","series_value_uM","mean_RPU","sample_SD_RPU"
"A1","1","0","0","0.023208","0.001747967963093147"
"A1","1","0","1","0.012771000000000001","0.0005826559876977152"
"A1","1","0","10","0.0043945","0.0031077343033148763"
"A1","1","1","0","0.0221095","0.00330148156135999"
"A1","1","1","1","0.016066999999999998","0.0044660864299742335"
"A1","1","1","10","0.001511","0.0005826559876977152"
"A1","1","5","0","0.047789","0.004661247901581722"
"A1","1","5","1","0.017303","0.0011653119753954305"
"A1","1","5","10","0.0059050000000000005","0.002524371208835974"
"A1","1","10","0","0.0615215","0.01359412786831138"
"A1","1","10","1","0.0243065","0.0021361695859645597"
"A1","1","10","10","0.007416","0.0"
"A1","1","50","0","0.46031299999999997","0.07185619110417694"
"A1","1","50","1","0.09448000000000001","0.0077682750981154175"
"A1","1","50","10","0.059874","0.002330623950790861"
"A1","1","100","0","0.9560565000000001","0.011652412647173132"
"A1","1","100","1","0.1414445","0.0069911647455913805"
"A1","1","100","10","0.0943425","0.004466793536755423"
"A2","2","0","0","3.6462510000000004","0.09516101639852309"
"A2","2","0","1","1.3515515","0.019420687745288424"
"A2","2","0","10","0.7294700000000001","0.009709990319253646"
"A2","2","1","0","4.4427354999999995","0.04855207291661186"
"A2","2","1","1","1.287009","0.029131385171323434"
"A2","2","1","10","0.416369","0.2505265183608314"
"A2","2","5","0","6.899478","0.5709675126047018"
"A2","2","5","1","1.4092280000000001","0.015536550196230894"
"A2","2","5","10","0.7267235000000001","0.013594127868311332"
"A2","2","10","0","7.697336","0.13400239188910026"
"A2","2","10","1","1.8692665000000002","0.20780100532119672"
"A2","2","10","10","0.8118650000000001","0.009709990319253646"
"A2","2","50","0","12.10409","0.6292260403066615"
"A2","2","50","1","3.1697335","0.22527927073856566"
"A2","2","50","10","1.8527875","0.029130678064542146"
"A2","2","100","0","14.039","0.33597471601297596"
"A2","2","100","1","4.6061525","0.12040826402078916"
"A2","2","100","10","2.5627575","0.14371308931513527"
"A3","3","0","0","0.028289","0.0"
"A3","3","0","10","0.092694","0.0036896831842314053"
"A3","3","0","100","0.696512","0.0368996602694388"
"A3","3","0.01","0","0.025542500000000003","0.0007771103525240152"
"A3","3","0.01","10","0.0749795","0.0003882016228714201"
"A3","3","0.01","100","0.2941495","0.0038841375490576845"
"A3","3","0.05","0","0.01","0.0"
"A3","3","0.05","10","0.01","0.0"
"A3","3","0.05","100","0.01","0.0"
"A3","3","0.1","0","0.01","0.0"
"A3","3","0.1","10","0.01","0.0"
"A3","3","0.1","100","0.01","0.0"
"A3","3","0.5","0","0.01","0.0"
"A3","3","0.5","10","0.01","0.0"
"A3","3","0.5","100","0.01","0.0"
"A3","3","1","0","0.01","0.0"
"A3","3","1","10","0.01","0.0"
"A3","3","1","100","0.01","0.0"
"A4","4","0","0","2.8058225","0.0679720535551193"
"A4","4","0","10","5.7583079999999995","0.07574103576001597"
"A4","4","0","100","9.5924195","0.1029299986034207"
"A4","4","0.01","0","1.4669050000000001","0.038841375490577"
"A4","4","0.01","10","2.406207","0.12429240156984685"
"A4","4","0.01","100","5.207635","0.6253454382915093"
"A4","4","0.05","0","0.1127435","0.009904444684079975"
"A4","4","0.05","10","0.132381","0.009709990319253686"
"A4","4","0.05","100","0.1856635","0.005825852770195963"
"A4","4","0.1","0","0.061796000000000004","0.0019417152211382634"
"A4","4","0.1","10","0.06934950000000001","0.004466793536755423"
"A4","4","0.1","100","0.084043","0.0007764032457428304"
"A4","4","0.5","0","0.03337","0.0013590592334405444"
"A4","4","0.5","10","0.042708499999999996","0.00330148156135999"
"A4","4","0.5","100","0.041472499999999995","0.0038841375490577088"
"A4","4","1","0","0.02568","0.006020307135022264"
"A4","4","1","10","0.044081499999999996","0.006797417487546284"
"A4","4","1","100","0.043944","0.0027195326804434583"
"B1","1","0","0","0.031173","0.002913279938488575"
"B1","1","0","1","0.025268","0.0011653119753954305"
"B1","1","0","10","0.013320499999999999","0.0017472608563119585"
"B1","1","0.01","0","0.0725075","0.007380073475243998"
"B1","1","0.01","1","0.0420215","0.006991164745591395"
"B1","1","0.01","10","0.022109","0.001747967963093147"
"B1","1","0.05","0","0.332601","0.015536550196230816"
"B1","1","0.05","1","0.105603","0.002913279938488575"
"B1","1","0.05","10","0.062895","0.0019417152211382634"
"B1","1","0.1","0","0.696512","0.04855136580983073"
"B1","1","0.1","1","0.1781105","0.008739132708684547"
"B1","1","0.1","10","0.1012085","0.009904444684079975"
"B1","1","0.5","0","1.3185935","0.24470066559063539"
"B1","1","0.5","1","0.5015105","0.036898953162657636"
"B1","1","0.5","10","0.241966","0.0"
"B1","1","1","0","1.859654","0.1475972268641928"
"B1","1","1","1","0.5839055","0.05243550335888841"
"B1","1","1","10","0.279044","0.005826559876977169"
"B2","2","0","0","0.042433","0.0005826559876977139"
"B2","2","0","1","0.036116499999999996","0.004466793536755418"
"B2","2","0","10","0.0204615","0.004466793536755421"
"B2","2","0.01","0","2.7248004999999997","0.09710343872644274"
"B2","2","0.01","1","0.5070034999999999","0.06797205355511923"
"B2","2","0.01","10","0.20351550000000002","0.011652412647173113"
"B2","2","0.05","0","8.9373795","0.09710343872644306"
"B2","2","0.05","1","2.2249385","0.08156688853021168"
"B2","2","0.05","10","1.021972","0.16701720750270016"
"B2","2","0.1","0","17.34853","0.7127353511647904"
"B2","2","0.1","1","3.1340295","0.17478618970759674"
"B2","2","0.1","10","1.6097225","0.17478618970759674"
"B2","2","0.5","0","17.34853","0.7127353511647904"
"B2","2","0.5","1","6.4943695","0.056320348014727226"
"B2","2","0.5","10","3.2727269999999997","0.09516101639852309"
"B2","2","1","0","18.92502","0.32821068355554767"
"B2","2","1","1","7.3718755","0.159249639511366"
"B2","2","1","10","3.865971","0.23110653772232398"
"B3","3","0","0","0.035842","0.008350931085813126"
"B3","3","0","0.1","0.7679210000000001","0.04466793536755425"
"B3","3","0","1","1.4669045","0.01942068774528858"
"B3","3","0.01","0","0.040236","0.0025243712088359772"
"B3","3","0.01","0.1","0.46031299999999997","0.029131385171323392"
"B3","3","0.01","1","0.7088715000000001","0.011652412647173132"
"B3","3","0.05","0","0.0052185","0.0038841375490577057"
"B3","3","0.05","0.1","0.034194","0.005243903889279436"
"B3","3","0.05","1","0.051222000000000004","0.006409215864674864"
"B3","3","0.1","0","0.01","0.0"
"B3","3","0.1","0.1","0.011672499999999999","0.002136169585964561"
"B3","3","0.1","1","0.0201865","0.0013597663402217317"
"B3","3","0.5","0","0.01","0.0"
"B3","3","0.5","0.1","0.0021975","0.00038820162287141446"
"B3","3","0.5","1","0.01","0.0"
"B3","3","1","0","0.01","0.0"
"B3","3","1","0.1","0.001648","0.0019417152211382593"
"B3","3","1","1","0.01","0.0"
"B4","4","0","0","0.0436695","0.004660540794800535"
"B4","4","0","0.1","10.79813","0.8681008531271003"
"B4","4","0","1","17.779735000000002","0.732159574443988"
"B4","4","0.01","0","0.14954699999999999","0.010292646306951375"
"B4","4","0.01","0.1","5.3628125","1.3497374447441621"
"B4","4","0.01","1","10.379294999999999","0.4505613699042552"
"B4","4","0.05","0","0.0019225000000000002","0.00038820162287141473"
"B4","4","0.05","0.1","0.3216145","0.0038841375490577235"
"B4","4","0.05","1","0.39989450000000004","0.005827266983758337"
"B4","4","0.1","0","0.001","0.0"
"B4","4","0.1","0.1","0.1569625","0.010680847929822806"
"B4","4","0.1","1","0.39988999999999997","0.00582655987697713"
"B4","4","0.5","0","0.001","0.0"
"B4","4","0.5","0.1","0.0661905","0.0034952288194051067"
"B4","4","0.5","1","0.11425450000000001","0.0031077343033148737"
"B4","4","1","0","0.001","0.0"
"B4","4","1","0.1","0.05493","0.0019417152211382584"
"B4","4","1","1","0.09461649999999999","0.003301481561359985"
"C1","1","0","0","0.0015985","0.0008464068170802975"
"C1","1","0","1","0.001","0.0"
"C1","1","0","10","0.0024720000000000002","0.002330623950790861"
"C1","1","0.01","0","0.015243","0.004854995159626837"
"C1","1","0.01","1","0.023344999999999998","0.007768275098115411"
"C1","1","0.01","10","0.019088","0.0025243712088359746"
"C1","1","0.05","0","0.11288100000000001","0.022528422048603412"
"C1","1","0.05","1","0.1498215","0.002525078315617155"
"C1","1","0.05","10","0.16739900000000002","0.008350931085813137"
"C1","1","0.1","0","0.34221349999999995","0.11458170414381172"
"C1","1","0.1","1","0.4026365","0.09516172350530439"
"C1","1","0.1","10","0.31749499999999997","0.029131385171323392"
"C1","1","0.5","0","0.9986265","0.1844961800268503"
"C1","1","0.5","1","0.9848945","0.009710697426034854"
"C1","1","0.5","10","0.938204","0.06408791600606155"
"C1","1","1","0","1.195001","0.2408165280415777"
"C1","1","1","1","1.3021150000000001","0.10098757627550027"
"C1","1","1","10","1.2059875","0.1437130893151351"
"C2","2","0","0","0.0086515","0.00640850875789368"
"C2","2","0","1","0.0057680000000000006","0.00233062395079086"
"C2","2","0","10","0.0024715","0.0027188255736622755"
"C2","2","0.01","0","1.5149685","0.033015522720381114"
"C2","2","0.01","1","1.254051","0.029131385171323434"
"C2","2","0.01","10","0.943697","0.09516101639852317"
"C2","2","0.05","0","6.865147","0.06020448556378522"
"C2","2","0.05","1","6.043944","0.304904444047639"
"C2","2","0.05","10","4.641856499999999","0.38841304779898966"
"C2","2","0.1","0","10.155452499999999","0.3087899958102583"
"C2","2","0.1","1","8.1024445","0.7418702718700224"
"C2","2","0.1","10","7.2812415","0.159249639511366"
"C2","2","0.5","0","15.11425","0.621462007849232"
"C2","2","0.5","1","12.24691","0.15925458925883437"
"C2","2","0.5","10","10.980775","0.16701155064845105"
"C2","2","1","0","15.770665000000001","0.1709006379449768"
"C2","2","1","1","13.66685","0.8001337493194499"
"C2","2","1","10","13.020050000000001","0.05631398405369628"
"C3","3","0","0","0.01","0.0"
"C3","3","0","0.1","0.3641855","0.06408862311284275"
"C3","3","0","1","0.956056","0.1631337770604237"
"C3","3","0.01","0","0.01","0.0"
"C3","3","0.01","0.1","0.2968965","0.011652412647173132"
"C3","3","0.01","1","0.8201045","0.0019424223279194848"
"C3","3","0.05","0","0.01","0.0"
"C3","3","0.05","0.1","0.16341699999999998","0.02097420134355537"
"C3","3","0.05","1","0.39302400000000004","0.062146200784923306"
"C3","3","0.1","0","0.01","0.0"
"C3","3","0.1","0.1","0.071958","0.005437651147324542"
"C3","3","0.1","1","0.1848395","0.03418083469577651"
"C3","3","0.5","0","0.01","0.0"
"C3","3","0.5","0.1","0.0065915","0.0007771103525240159"
"C3","3","0.5","1","0.042983","0.004078591913884003"
"C3","3","1","0","0.01","0.0"
"C3","3","1","0.1","0.001873","0.001234608439951712"
"C3","3","1","1","0.0336445","0.002136169585964557"
"C4","4","0","0","0.0043945","0.0050494495244531356"
"C4","4","0","0.1","9.7901685","0.3825893163491378"
"C4","4","0","1","15.06207","0.031070271965336335"
"C4","4","0.01","0","0.0910465","0.0036903902910125925"
"C4","4","0.01","0.1","9.350727500000001","0.48745890885335114"
"C4","4","0.01","1","15.436965","0.033014815613599834"
"C4","4","0.05","0","0.0039825","0.002912572831707389"
"C4","4","0.05","0.1","3.5556165","0.033015522720381114"
"C4","4","0.05","1","7.590222499999999","0.08350860375135004"
"C4","4","0.1","0","0.0024225","0.0020117187924757274"
"C4","4","0.1","0.1","1.7168364999999999","0.07379861343209647"
"C4","4","0.1","1","4.066465","0.0718561911041773"
"C4","4","0.5","0","0.001","0.0"
"C4","4","0.5","0.1","0.3106285","0.0038841375490577235"
"C4","4","0.5","1","0.848943","0.031073100392461632"
"C4","4","1","0","0.001","0.0"
"C4","4","1","0.1","0.1966495","0.005825852770195963"
"C4","4","1","1","0.5330950000000001","0.015536550196230816"
