"sensor","tf_input_rpu","inducer_um","replicate","experiment_rpu"
"CI94","0.011855467","0.0","1","1.628223"
"CI94","0.011855467","0.0","2","1.739484"
"CI94","0.011855467","0.0","3","1.277013"
"CI94","0.011855467","0.0","4","1.37745"
"CI94","0.011855467","0.0","5","1.512172"
"CI94","0.011855467","0.0","6","1.648119"
"CI94","0.123687361","0.0","1","1.701493"
"CI94","0.123687361","0.0","2","1.68521"
"CI94","0.123687361","0.0","3","1.416329"
"CI94","0.123687361","0.0","4","1.458448"
"CI94","0.123687361","0.0","5","1.550111"
"CI94","0.123687361","0.0","6","1.625988"
"CI94","0.782812757","0.0","1","1.696065"
"CI94","0.782812757","0.0","2","1.766621"
"CI94","0.782812757","0.0","3","1.416329"
"CI94","0.782812757","0.0","4","1.435769"
"CI94","0.782812757","0.0","5","1.625988"
"CI94","0.782812757","0.0","6","1.619665"
"CI94","2.036350173","0.0","1","1.712347"
"CI94","2.036350173","0.0","2","1.639077"
"CI94","2.036350173","0.0","3","1.358011"
"CI94","2.036350173","0.0","4","1.39041"
"CI94","2.036350173","0.0","5","1.648119"
"CI94","2.036350173","0.0","6","1.695542"
"CI94","4.641370673","0.0","1","1.717775"
"CI94","4.641370673","0.0","2","1.614654"
"CI94","4.641370673","0.0","3","1.422809"
"CI94","4.641370673","0.0","4","1.422809"
"CI94","4.641370673","0.0","5","1.502687"
"CI94","4.641370673","0.0","6","1.575403"
"CI94","7.648516866","0.0","1","1.614654"
"CI94","7.648516866","0.0","2","1.421981"
"CI94","7.648516866","0.0","3","1.458448"
"CI94","7.648516866","0.0","4","1.341811"
"CI94","7.648516866","0.0","5","1.474233"
"CI94","7.648516866","0.0","6","1.515334"
"CI94","0.011855467","0.001","1","1.750339"
"CI94","0.011855467","0.001","2","1.894166"
"CI94","0.011855467","0.001","3","1.338571"
"CI94","0.011855467","0.001","4","1.416329"
"CI94","0.011855467","0.001","5","1.502687"
"CI94","0.011855467","0.001","6","1.61018"
"CI94","0.123687361","0.001","1","1.883311"
"CI94","0.123687361","0.001","2","1.894166"
"CI94","0.123687361","0.001","3","1.426049"
"CI94","0.123687361","0.001","4","1.490847"
"CI94","0.123687361","0.001","5","1.591211"
"CI94","0.123687361","0.001","6","1.632311"
"CI94","0.782812757","0.001","1","1.899593"
"CI94","0.782812757","0.001","2","1.918589"
"CI94","0.782812757","0.001","3","1.445488"
"CI94","0.782812757","0.001","4","1.439009"
"CI94","0.782812757","0.001","5","1.515334"
"CI94","0.782812757","0.001","6","1.600696"
"CI94","2.036350173","0.001","1","1.918589"
"CI94","2.036350173","0.001","2","1.864315"
"CI94","2.036350173","0.001","3","1.516767"
"CI94","2.036350173","0.001","4","1.516767"
"CI94","2.036350173","0.001","5","1.641796"
"CI94","2.036350173","0.001","6","1.591211"
"CI94","4.641370673","0.001","1","1.829037"
"CI94","4.641370673","0.001","2","1.785617"
"CI94","4.641370673","0.001","3","1.510287"
"CI94","4.641370673","0.001","4","1.477888"
"CI94","4.641370673","0.001","5","1.61018"
"CI94","4.641370673","0.001","6","1.575403"
"CI94","7.648516866","0.001","1","1.682497"
"CI94","7.648516866","0.001","2","1.573948"
"CI94","7.648516866","0.001","3","1.445488"
"CI94","7.648516866","0.001","4","1.315892"
"CI94","7.648516866","0.001","5","1.407841"
"CI94","7.648516866","0.001","6","1.493203"
"CI94","0.011855467","0.01","1","1.934871"
"CI94","0.011855467","0.01","2","1.972863"
"CI94","0.011855467","0.01","3","1.406609"
"CI94","0.011855467","0.01","4","1.458448"
"CI94","0.011855467","0.01","5","1.496364"
"CI94","0.011855467","0.01","6","1.534303"
"CI94","0.123687361","0.01","1","2.029851"
"CI94","0.123687361","0.01","2","2.151967"
"CI94","0.123687361","0.01","3","1.439009"
"CI94","0.123687361","0.01","4","1.536206"
"CI94","0.123687361","0.01","5","1.578565"
"CI94","0.123687361","0.01","6","1.720835"
"CI94","0.782812757","0.01","1","2.048847"
"CI94","0.782812757","0.01","2","2.02171"
"CI94","0.782812757","0.01","3","1.413089"
"CI94","0.782812757","0.01","4","1.539446"
"CI94","0.782812757","0.01","5","1.56908"
"CI94","0.782812757","0.01","6","1.635473"
"CI94","2.036350173","0.01","1","1.8019"
"CI94","2.036350173","0.01","2","1.717775"
"CI94","2.036350173","0.01","3","1.445488"
"CI94","2.036350173","0.01","4","1.477888"
"CI94","2.036350173","0.01","5","1.616503"
"CI94","2.036350173","0.01","6","1.584888"
"CI94","4.641370673","0.01","1","1.476255"
"CI94","4.641370673","0.01","2","1.419267"
"CI94","4.641370673","0.01","3","1.277013"
"CI94","4.641370673","0.01","4","1.289972"
"CI94","4.641370673","0.01","5","1.505849"
"CI94","4.641370673","0.01","6","1.445779"
"CI94","7.648516866","0.01","1","1.142469"
"CI94","7.648516866","0.01","2","1.050204"
"CI94","7.648516866","0.01","3","1.01458"
"CI94","7.648516866","0.01","4","1.01458"
"CI94","7.648516866","0.01","5","1.14227"
"CI94","7.648516866","0.01","6","1.072716"
"CI94","0.011855467","0.05","1","1.869742"
"CI94","0.011855467","0.05","2","1.972863"
"CI94","0.011855467","0.05","3","1.38717"
"CI94","0.011855467","0.05","4","1.497327"
"CI94","0.011855467","0.05","5","1.632311"
"CI94","0.011855467","0.05","6","1.619665"
"CI94","0.123687361","0.05","1","2.187246"
"CI94","0.123687361","0.05","2","2.165536"
"CI94","0.123687361","0.05","3","1.507047"
"CI94","0.123687361","0.05","4","1.578325"
"CI94","0.123687361","0.05","5","1.641796"
"CI94","0.123687361","0.05","6","1.822004"
"CI94","0.782812757","0.05","1","1.943012"
"CI94","0.782812757","0.05","2","1.90502"
"CI94","0.782812757","0.05","3","1.302932"
"CI94","0.782812757","0.05","4","1.351531"
"CI94","0.782812757","0.05","5","1.445779"
"CI94","0.782812757","0.05","6","1.483718"
"CI94","2.036350173","0.05","1","1.071913"
"CI94","2.036350173","0.05","2","1.050204"
"CI94","2.036350173","0.05","3","0.839624"
"CI94","2.036350173","0.05","4","0.846104"
"CI94","2.036350173","0.05","5","1.047423"
"CI94","2.036350173","0.05","6","1.047423"
"CI94","4.641370673","0.05","1","0.436906"
"CI94","4.641370673","0.05","2","0.412483"
"CI94","4.641370673","0.05","3","0.408715"
"CI94","4.641370673","0.05","4","0.421675"
"CI94","4.641370673","0.05","5","0.487828"
"CI94","4.641370673","0.05","6","0.487828"
"CI94","7.648516866","0.05","1","0.191316"
"CI94","7.648516866","0.05","2","0.184532"
"CI94","7.648516866","0.05","3","0.205249"
"CI94","7.648516866","0.05","4","0.187105"
"CI94","7.648516866","0.05","5","0.24755"
"CI94","7.648516866","0.05","6","0.235536"
"CI94","0.011855467","0.1","1","1.967436"
"CI94","0.011855467","0.1","2","2.141113"
"CI94","0.011855467","0.1","3","1.40337"
"CI94","0.011855467","0.1","4","1.487607"
"CI94","0.011855467","0.1","5","1.550111"
"CI94","0.011855467","0.1","6","1.616503"
"CI94","0.123687361","0.1","1","2.105834"
"CI94","0.123687361","0.1","2","2.192673"
"CI94","0.123687361","0.1","3","1.500567"
"CI94","0.123687361","0.1","4","1.591285"
"CI94","0.123687361","0.1","5","1.682896"
"CI94","0.123687361","0.1","6","1.787227"
"CI94","0.782812757","0.1","1","1.587517"
"CI94","0.782812757","0.1","2","1.473541"
"CI94","0.782812757","0.1","3","1.134457"
"CI94","0.782812757","0.1","4","1.108537"
"CI94","0.782812757","0.1","5","1.158078"
"CI94","0.782812757","0.1","6","1.091685"
"CI94","2.036350173","0.1","1","0.683853"
"CI94","2.036350173","0.1","2","0.575305"
"CI94","2.036350173","0.1","3","0.554512"
"CI94","2.036350173","0.1","4","0.518873"
"CI94","2.036350173","0.1","5","0.728106"
"CI94","2.036350173","0.1","6","0.747076"
"CI94","4.641370673","0.1","1","0.225237"
"CI94","4.641370673","0.1","2","0.206784"
"CI94","4.641370673","0.1","3","0.206869"
"CI94","4.641370673","0.1","4","0.206869"
"CI94","4.641370673","0.1","5","0.234587"
"CI94","4.641370673","0.1","6","0.245653"
"CI94","7.648516866","0.1","1","0.096608"
"CI94","7.648516866","0.1","2","0.086296"
"CI94","7.648516866","0.1","3","0.093472"
"CI94","7.648516866","0.1","4","0.0844"
"CI94","7.648516866","0.1","5","0.116345"
"CI94","7.648516866","0.1","6","0.116345"
"CI94","0.011855467","0.5","1","1.986431"
"CI94","0.011855467","0.5","2","2.227951"
"CI94","0.011855467","0.5","3","1.39365"
"CI94","0.011855467","0.5","4","1.529726"
"CI94","0.011855467","0.5","5","1.625988"
"CI94","0.011855467","0.5","6","1.61018"
"CI94","0.123687361","0.5","1","1.68521"
"CI94","0.123687361","0.5","2","1.660787"
"CI94","0.123687361","0.5","3","1.098817"
"CI94","0.123687361","0.5","4","1.118257"
"CI94","0.123687361","0.5","5","1.262409"
"CI94","0.123687361","0.5","6","1.660765"
"CI94","0.782812757","0.5","1","0.502035"
"CI94","0.782812757","0.5","2","0.445047"
"CI94","0.782812757","0.5","3","0.379556"
"CI94","0.782812757","0.5","4","0.373076"
"CI94","0.782812757","0.5","5","0.541574"
"CI94","0.782812757","0.5","6","0.405628"
"CI94","2.036350173","0.5","1","0.132429"
"CI94","2.036350173","0.5","2","0.126187"
"CI94","2.036350173","0.5","3","0.117447"
"CI94","2.036350173","0.5","4","0.122631"
"CI94","2.036350173","0.5","5","0.144167"
"CI94","2.036350173","0.5","6","0.139741"
"CI94","4.641370673","0.5","1","0.056174"
"CI94","4.641370673","0.5","2","0.052917"
"CI94","4.641370673","0.5","3","0.039041"
"CI94","4.641370673","0.5","4","0.040013"
"CI94","4.641370673","0.5","5","0.050585"
"CI94","4.641370673","0.5","6","0.054063"
"CI94","7.648516866","0.5","1","0.036906"
"CI94","7.648516866","0.5","2","0.034193"
"CI94","7.648516866","0.5","3","0.025433"
"CI94","7.648516866","0.5","4","0.017658"
"CI94","7.648516866","0.5","5","0.026557"
"CI94","7.648516866","0.5","6","0.036674"
"CI94","0.011855467","1.0","1","2.002714"
"CI94","0.011855467","1.0","2","2.236092"
"CI94","0.011855467","1.0","3","1.39365"
"CI94","0.011855467","1.0","4","1.516767"
"CI94","0.011855467","1.0","5","1.815681"
"CI94","0.011855467","1.0","6","1.600696"
"CI94","0.123687361","1.0","1","1.351425"
"CI94","0.123687361","1.0","2","1.348711"
"CI94","0.123687361","1.0","3","0.943301"
"CI94","0.123687361","1.0","4","0.953021"
"CI94","0.123687361","1.0","5","1.214986"
"CI94","0.123687361","1.0","6","1.208663"
"CI94","0.782812757","1.0","1","0.274084"
"CI94","0.782812757","1.0","2","0.276798"
"CI94","0.782812757","1.0","3","0.228252"
"CI94","0.782812757","1.0","4","0.231816"
"CI94","0.782812757","1.0","5","0.294973"
"CI94","0.782812757","1.0","6","0.317104"
"CI94","2.036350173","1.0","1","0.094708"
"CI94","2.036350173","1.0","2","0.093351"
"CI94","2.036350173","1.0","3","0.064636"
"CI94","2.036350173","1.0","4","0.072736"
"CI94","2.036350173","1.0","5","0.108125"
"CI94","2.036350173","1.0","6","0.100854"
"CI94","4.641370673","1.0","1","0.041248"
"CI94","4.641370673","1.0","2","0.042605"
"CI94","4.641370673","1.0","3","0.028349"
"CI94","4.641370673","1.0","4","0.028997"
"CI94","4.641370673","1.0","5","0.043946"
"CI94","4.641370673","1.0","6","0.043629"
"CI94","7.648516866","1.0","1","0.041248"
"CI94","7.648516866","1.0","2","0.031479"
"CI94","7.648516866","1.0","3","0.017982"
"CI94","7.648516866","1.0","4","0.012798"
"CI94","7.648516866","1.0","5","0.03699"
"CI94","7.648516866","1.0","6","0.031932"
"CI94","0.011855467","10.0","1","1.991859"
"CI94","0.011855467","10.0","2","2.100407"
"CI94","0.011855467","10.0","3","1.36773"
"CI94","0.011855467","10.0","4","1.520006"
"CI94","0.011855467","10.0","5","1.834651"
"CI94","0.011855467","10.0","6","1.948467"
"CI94","0.123687361","10.0","1","0.662144"
"CI94","0.123687361","10.0","2","0.651289"
"CI94","0.123687361","10.0","3","0.502673"
"CI94","0.123687361","10.0","4","0.502673"
"CI94","0.123687361","10.0","5","0.699652"
"CI94","0.123687361","10.0","6","0.699652"
"CI94","0.782812757","10.0","1","0.122931"
"CI94","0.782812757","10.0","2","0.12076"
"CI94","0.782812757","10.0","3","0.092176"
"CI94","0.782812757","10.0","4","0.091204"
"CI94","0.782812757","10.0","5","0.130572"
"CI94","0.782812757","10.0","6","0.126146"
"CI94","2.036350173","10.0","1","0.049661"
"CI94","2.036350173","10.0","2","0.049118"
"CI94","2.036350173","10.0","3","0.030293"
"CI94","2.036350173","10.0","4","0.029321"
"CI94","2.036350173","10.0","5","0.057224"
"CI94","2.036350173","10.0","6","0.054379"
"CI94","4.641370673","10.0","1","0.038535"
"CI94","4.641370673","10.0","2","0.03175"
"CI94","4.641370673","10.0","3","0.01701"
"CI94","4.641370673","10.0","4","0.017334"
"CI94","4.641370673","10.0","5","0.037623"
"CI94","4.641370673","10.0","6","0.036042"
"CI94","7.648516866","10.0","1","0.028494"
"CI94","7.648516866","10.0","2","0.021438"
"CI94","7.648516866","10.0","3","0.013122"
"CI94","7.648516866","10.0","4","0.001458"
"CI94","7.648516866","10.0","5","0.031932"
"CI94","7.648516866","10.0","6","0.017072"
"CI43470","0.011855467","0.0","1","2.27137"
"CI43470","0.011855467","0.0","2","2.401628"
"CI43470","0.011855467","0.0","3","1.688482"
"CI43470","0.011855467","0.0","4","1.646363"
"CI43470","0.011855467","0.0","6","1.809358"
"CI43470","0.123687361","0.0","1","2.507463"
"CI43470","0.123687361","0.0","2","2.379919"
"CI43470","0.123687361","0.0","3","1.863438"
"CI43470","0.123687361","0.0","4","1.75004"
"CI43470","0.123687361","0.0","5","1.989567"
"CI43470","0.123687361","0.0","6","1.93582"
"CI43470","0.782812757","0.0","1","2.423338"
"CI43470","0.782812757","0.0","2","2.447761"
"CI43470","0.782812757","0.0","3","1.876397"
"CI43470","0.782812757","0.0","4","1.850478"
"CI43470","0.782812757","0.0","5","2.014859"
"CI43470","0.782812757","0.0","6","1.964274"
"CI43470","2.036350173","0.0","1","2.341927"
"CI43470","2.036350173","0.0","2","2.371777"
"CI43470","2.036350173","0.0","3","1.886117"
"CI43470","2.036350173","0.0","4","1.876397"
"CI43470","2.036350173","0.0","5","1.942144"
"CI43470","2.036350173","0.0","6","1.957951"
"CI43470","4.641370673","0.0","1","2.336499"
"CI43470","4.641370673","0.0","2","2.379919"
"CI43470","4.641370673","0.0","3","1.882877"
"CI43470","4.641370673","0.0","4","1.947675"
"CI43470","4.641370673","0.0","5","1.904205"
"CI43470","4.641370673","0.0","6","1.850458"
"CI43470","7.648516866","0.0","1","2.371777"
"CI43470","7.648516866","0.0","2","2.257802"
"CI43470","7.648516866","0.0","3","1.847238"
"CI43470","7.648516866","0.0","4","1.77272"
"CI43470","7.648516866","0.0","5","1.882074"
"CI43470","7.648516866","0.0","6","1.897882"
"CI43470","0.011855467","0.001","1","2.263229"
"CI43470","0.011855467","0.001","2","2.455902"
"CI43470","0.011855467","0.001","3","1.717641"
"CI43470","0.011855467","0.001","4","1.795399"
"CI43470","0.011855467","0.001","5","1.689219"
"CI43470","0.011855467","0.001","6","1.79355"
"CI43470","0.123687361","0.001","1","2.56445"
"CI43470","0.123687361","0.001","2","2.580733"
"CI43470","0.123687361","0.001","3","1.899077"
"CI43470","0.123687361","0.001","4","1.886117"
"CI43470","0.123687361","0.001","5","1.765096"
"CI43470","0.123687361","0.001","6","1.458426"
"CI43470","0.782812757","0.001","1","2.605156"
"CI43470","0.782812757","0.001","2","2.556309"
"CI43470","0.782812757","0.001","3","1.947675"
"CI43470","0.782812757","0.001","4","1.905556"
"CI43470","0.782812757","0.001","5","2.033829"
"CI43470","0.782812757","0.001","6","1.970598"
"CI43470","2.036350173","0.001","1","2.401628"
"CI43470","2.036350173","0.001","2","2.447761"
"CI43470","2.036350173","0.001","3","1.892597"
"CI43470","2.036350173","0.001","4","1.905556"
"CI43470","2.036350173","0.001","5","1.970598"
"CI43470","2.036350173","0.001","6","1.989567"
"CI43470","4.641370673","0.001","1","2.328358"
"CI43470","4.641370673","0.001","2","2.455902"
"CI43470","4.641370673","0.001","3","1.960635"
"CI43470","4.641370673","0.001","4","1.882877"
"CI43470","4.641370673","0.001","5","2.046475"
"CI43470","4.641370673","0.001","6","1.93582"
"CI43470","7.648516866","0.001","1","2.46133"
"CI43470","7.648516866","0.001","2","2.192673"
"CI43470","7.648516866","0.001","3","1.827798"
"CI43470","7.648516866","0.001","4","1.818079"
"CI43470","7.648516866","0.001","5","1.983244"
"CI43470","7.648516866","0.001","6","1.863105"
"CI43470","0.011855467","0.01","1","2.336499"
"CI43470","0.011855467","0.01","2","2.580733"
"CI43470","0.011855467","0.01","3","1.652843"
"CI43470","0.011855467","0.01","4","1.743561"
"CI43470","0.011855467","0.01","5","1.787227"
"CI43470","0.011855467","0.01","6","1.749289"
"CI43470","0.123687361","0.01","1","2.833107"
"CI43470","0.123687361","0.01","2","2.833107"
"CI43470","0.123687361","0.01","3","1.656083"
"CI43470","0.123687361","0.01","4","1.76624"
"CI43470","0.123687361","0.01","5","1.93582"
"CI43470","0.123687361","0.01","6","1.923174"
"CI43470","0.782812757","0.01","1","3.107191"
"CI43470","0.782812757","0.01","2","2.702849"
"CI43470","0.782812757","0.01","3","2.002754"
"CI43470","0.782812757","0.01","4","1.899077"
"CI43470","0.782812757","0.01","5","2.081252"
"CI43470","0.782812757","0.01","6","2.046475"
"CI43470","2.036350173","0.01","1","2.572592"
"CI43470","2.036350173","0.01","2","2.27137"
"CI43470","2.036350173","0.01","3","1.924996"
"CI43470","2.036350173","0.01","4","1.821319"
"CI43470","2.036350173","0.01","5","1.897882"
"CI43470","2.036350173","0.01","6","1.929497"
"CI43470","4.641370673","0.01","1","2.379919"
"CI43470","4.641370673","0.01","2","2.531886"
"CI43470","4.641370673","0.01","3","1.636643"
"CI43470","4.641370673","0.01","4","1.954155"
"CI43470","4.641370673","0.01","5","1.93582"
"CI43470","4.641370673","0.01","6","1.983244"
"CI43470","7.648516866","0.01","1","2.455902"
"CI43470","7.648516866","0.01","2","2.187246"
"CI43470","7.648516866","0.01","3","1.856958"
"CI43470","7.648516866","0.01","4","1.798639"
"CI43470","7.648516866","0.01","5","1.897882"
"CI43470","7.648516866","0.01","6","1.863105"
"CI43470","0.011855467","0.05","1","2.276798"
"CI43470","0.011855467","0.05","2","2.719132"
"CI43470","0.011855467","0.05","3","1.669043"
"CI43470","0.011855467","0.05","4","1.743561"
"CI43470","0.011855467","0.05","5","1.780904"
"CI43470","0.011855467","0.05","6","1.777743"
"CI43470","0.123687361","0.05","1","3.004071"
"CI43470","0.123687361","0.05","2","2.930801"
"CI43470","0.123687361","0.05","3","1.967115"
"CI43470","0.123687361","0.05","4","2.009234"
"CI43470","0.123687361","0.05","5","1.957951"
"CI43470","0.123687361","0.05","6","1.929497"
"CI43470","0.782812757","0.05","1","2.132972"
"CI43470","0.782812757","0.05","2","0.363636"
"CI43470","0.782812757","0.05","5","1.755612"
"CI43470","0.782812757","0.05","6","1.787227"
"CI43470","2.036350173","0.05","1","2.350068"
"CI43470","2.036350173","0.05","2","2.092266"
"CI43470","2.036350173","0.05","3","1.78244"
"CI43470","2.036350173","0.05","4","1.76624"
"CI43470","2.036350173","0.05","5","1.682896"
"CI43470","2.036350173","0.05","6","1.733481"
"CI43470","4.641370673","0.05","1","1.614654"
"CI43470","4.641370673","0.05","2","1.690638"
"CI43470","4.641370673","0.05","3","1.458448"
"CI43470","4.641370673","0.05","4","1.40337"
"CI43470","4.641370673","0.05","5","1.414164"
"CI43470","4.641370673","0.05","6","1.398356"
"CI43470","7.648516866","0.05","1","1.261872"
"CI43470","7.648516866","0.05","2","1.175034"
"CI43470","7.648516866","0.05","3","1.173335"
"CI43470","7.648516866","0.05","4","1.102057"
"CI43470","7.648516866","0.05","5","1.129624"
"CI43470","7.648516866","0.05","6","1.050585"
"CI43470","0.011855467","0.1","1","1.97829"
"CI43470","0.011855467","0.1","2","2.160109"
"CI43470","0.011855467","0.1","3","1.694962"
"CI43470","0.011855467","0.1","4","1.795399"
"CI43470","0.011855467","0.1","5","1.641796"
"CI43470","0.011855467","0.1","6","1.714512"
"CI43470","0.123687361","0.1","1","2.249661"
"CI43470","0.123687361","0.1","2","2.393487"
"CI43470","0.123687361","0.1","3","1.960635"
"CI43470","0.123687361","0.1","4","2.041633"
"CI43470","0.123687361","0.1","5","1.806197"
"CI43470","0.123687361","0.1","6","1.749289"
"CI43470","0.782812757","0.1","1","2.257802"
"CI43470","0.782812757","0.1","2","2.187246"
"CI43470","0.782812757","0.1","3","1.821319"
"CI43470","0.782812757","0.1","4","1.827798"
"CI43470","0.782812757","0.1","5","1.777743"
"CI43470","0.782812757","0.1","6","1.695542"
"CI43470","2.036350173","0.1","1","1.739484"
"CI43470","2.036350173","0.1","2","1.739484"
"CI43470","2.036350173","0.1","3","1.555646"
"CI43470","2.036350173","0.1","4","1.487607"
"CI43470","2.036350173","0.1","5","1.357256"
"CI43470","2.036350173","0.1","6","1.369902"
"CI43470","4.641370673","0.1","1","1.191316"
"CI43470","4.641370673","0.1","2","1.226594"
"CI43470","4.641370673","0.1","3","1.050219"
"CI43470","4.641370673","0.1","4","0.99838"
"CI43470","4.641370673","0.1","5","0.987354"
"CI43470","4.641370673","0.1","6","1.009485"
"CI43470","7.648516866","0.1","1","0.838535"
"CI43470","7.648516866","0.1","2","0.759837"
"CI43470","7.648516866","0.1","3","0.833144"
"CI43470","7.648516866","0.1","4","0.836384"
"CI43470","7.648516866","0.1","5","0.788176"
"CI43470","7.648516866","0.1","6","0.762883"
"CI43470","0.011855467","0.5","1","1.97829"
"CI43470","0.011855467","0.5","2","2.141113"
"CI43470","0.011855467","0.5","3","1.733841"
"CI43470","0.011855467","0.5","4","1.743561"
"CI43470","0.011855467","0.5","5","1.600696"
"CI43470","0.011855467","0.5","6","1.758773"
"CI43470","0.123687361","0.5","1","2.119403"
"CI43470","0.123687361","0.5","2","2.054274"
"CI43470","0.123687361","0.5","3","1.840758"
"CI43470","0.123687361","0.5","4","1.75004"
"CI43470","0.123687361","0.5","5","1.755612"
"CI43470","0.123687361","0.5","6","1.77142"
"CI43470","0.782812757","0.5","1","1.278155"
"CI43470","0.782812757","0.5","2","1.31886"
"CI43470","0.782812757","0.5","3","1.163616"
"CI43470","0.782812757","0.5","4","1.118257"
"CI43470","0.782812757","0.5","5","1.120139"
"CI43470","0.782812757","0.5","6","1.069554"
"CI43470","2.036350173","0.5","1","0.800543"
"CI43470","2.036350173","0.5","2","0.784261"
"CI43470","2.036350173","0.5","3","0.755386"
"CI43470","2.036350173","0.5","4","0.693828"
"CI43470","2.036350173","0.5","5","0.693329"
"CI43470","2.036350173","0.5","6","0.690168"
"CI43470","4.641370673","0.5","1","0.561737"
"CI43470","4.641370673","0.5","2","0.531886"
"CI43470","4.641370673","0.5","3","0.496193"
"CI43470","4.641370673","0.5","4","0.457314"
"CI43470","4.641370673","0.5","5","0.468859"
"CI43470","4.641370673","0.5","6","0.487828"
"CI43470","7.648516866","0.5","1","0.434193"
"CI43470","7.648516866","0.5","2","0.420624"
"CI43470","7.648516866","0.5","3","0.382796"
"CI43470","7.648516866","0.5","4","0.369836"
"CI43470","7.648516866","0.5","5","0.392981"
"CI43470","7.648516866","0.5","6","0.38982"
"CI43470","0.011855467","1.0","1","2.469471"
"CI43470","0.011855467","1.0","2","2.857531"
"CI43470","0.011855467","1.0","3","1.75004"
"CI43470","0.011855467","1.0","4","1.795399"
"CI43470","0.011855467","1.0","5","1.777743"
"CI43470","0.011855467","1.0","6","1.559595"
"CI43470","0.123687361","1.0","1","2.284939"
"CI43470","0.123687361","1.0","2","2.523745"
"CI43470","0.123687361","1.0","3","1.77272"
"CI43470","0.123687361","1.0","4","1.733841"
"CI43470","0.123687361","1.0","5","1.733481"
"CI43470","0.123687361","1.0","6","1.657604"
"CI43470","0.782812757","1.0","1","1.19403"
"CI43470","0.782812757","1.0","2","1.185889"
"CI43470","0.782812757","1.0","3","0.888223"
"CI43470","0.782812757","1.0","4","0.9919"
"CI43470","0.782812757","1.0","5","0.996838"
"CI43470","0.782812757","1.0","6","0.971546"
"CI43470","2.036350173","1.0","1","0.710991"
"CI43470","2.036350173","1.0","2","0.694708"
"CI43470","2.036350173","1.0","3","0.60959"
"CI43470","2.036350173","1.0","4","0.580431"
"CI43470","2.036350173","1.0","5","0.598482"
"CI43470","2.036350173","1.0","6","0.636421"
"CI43470","4.641370673","1.0","1","0.493894"
"CI43470","4.641370673","1.0","2","0.493894"
"CI43470","4.641370673","1.0","3","0.424915"
"CI43470","4.641370673","1.0","4","0.421675"
"CI43470","4.641370673","1.0","5","0.453051"
"CI43470","4.641370673","1.0","6","0.437243"
"CI43470","7.648516866","1.0","1","0.415197"
"CI43470","7.648516866","1.0","2","0.398915"
"CI43470","7.648516866","1.0","3","0.356877"
"CI43470","7.648516866","1.0","4","0.356877"
"CI43470","7.648516866","1.0","5","0.374012"
"CI43470","7.648516866","1.0","6","0.364527"
"CI43470","0.011855467","10.0","1","2.56445"
"CI43470","0.011855467","10.0","2","2.814111"
"CI43470","0.011855467","10.0","3","1.850478"
"CI43470","0.011855467","10.0","4","1.993034"
"CI43470","0.011855467","10.0","5","1.948467"
"CI43470","0.011855467","10.0","6","1.942144"
"CI43470","0.123687361","10.0","1","1.755767"
"CI43470","0.123687361","10.0","2","1.649932"
"CI43470","0.123687361","10.0","3","1.38069"
"CI43470","0.123687361","10.0","4","1.36773"
"CI43470","0.123687361","10.0","5","1.316156"
"CI43470","0.123687361","10.0","6","1.347771"
"CI43470","0.782812757","10.0","1","0.759837"
"CI43470","0.782812757","10.0","2","0.738128"
"CI43470","0.782812757","10.0","3","0.638749"
"CI43470","0.782812757","10.0","4","0.59663"
"CI43470","0.782812757","10.0","5","0.693329"
"CI43470","0.782812757","10.0","6","0.642744"
"CI43470","2.036350173","10.0","1","0.526459"
"CI43470","2.036350173","10.0","2","0.51289"
"CI43470","2.036350173","10.0","3","0.431395"
"CI43470","2.036350173","10.0","4","0.431395"
"CI43470","2.036350173","10.0","5","0.459374"
"CI43470","2.036350173","10.0","6","0.475182"
"CI43470","4.641370673","10.0","1","0.41791"
"CI43470","4.641370673","10.0","2","0.426052"
"CI43470","4.641370673","10.0","3","0.340677"
"CI43470","4.641370673","10.0","4","0.343917"
"CI43470","4.641370673","10.0","5","0.380335"
"CI43470","4.641370673","10.0","6","0.399304"
"CI43470","7.648516866","10.0","1","0.374491"
"CI43470","7.648516866","10.0","2","0.309362"
"CI43470","7.648516866","10.0","3","0.295318"
"CI43470","7.648516866","10.0","4","0.266159"
"CI43470","7.648516866","10.0","5","0.32975"
"CI43470","7.648516866","10.0","6","0.307619"
"LexAgs91","0.011855467","0.0","1","1.020353"
"LexAgs91","0.011855467","0.0","2","1.128901"
"LexAgs91","0.011855467","0.0","3","1.01782"
"LexAgs91","0.011855467","0.0","4","1.056699"
"LexAgs91","0.011855467","0.0","5","1.139108"
"LexAgs91","0.011855467","0.0","6","1.113816"
"LexAgs91","0.123687361","0.0","1","1.175034"
"LexAgs91","0.123687361","0.0","2","1.145183"
"LexAgs91","0.123687361","0.0","3","1.140936"
"LexAgs91","0.123687361","0.0","4","1.127977"
"LexAgs91","0.123687361","0.0","5","1.139108"
"LexAgs91","0.123687361","0.0","6","1.154916"
"LexAgs91","0.782812757","0.0","1","1.139756"
"LexAgs91","0.782812757","0.0","2","1.183175"
"LexAgs91","0.782812757","0.0","3","1.131217"
"LexAgs91","0.782812757","0.0","4","1.144176"
"LexAgs91","0.782812757","0.0","5","1.158078"
"LexAgs91","0.782812757","0.0","6","1.120139"
"LexAgs91","2.036350173","0.0","1","1.175034"
"LexAgs91","2.036350173","0.0","2","1.112619"
"LexAgs91","2.036350173","0.0","3","1.160376"
"LexAgs91","2.036350173","0.0","4","1.225174"
"LexAgs91","2.036350173","0.0","5","1.177047"
"LexAgs91","2.036350173","0.0","6","1.126462"
"LexAgs91","4.641370673","0.0","1","1.123474"
"LexAgs91","4.641370673","0.0","2","1.12076"
"LexAgs91","4.641370673","0.0","3","1.150656"
"LexAgs91","4.641370673","0.0","4","1.137696"
"LexAgs91","4.641370673","0.0","5","1.091685"
"LexAgs91","4.641370673","0.0","6","1.107493"
"LexAgs91","7.648516866","0.0","1","1.169607"
"LexAgs91","7.648516866","0.0","2","1.044776"
"LexAgs91","7.648516866","0.0","3","1.131217"
"LexAgs91","7.648516866","0.0","4","1.102057"
"LexAgs91","7.648516866","0.0","5","1.050585"
"LexAgs91","7.648516866","0.0","6","1.018969"
"LexAgs91","0.011855467","0.001","1","1.237449"
"LexAgs91","0.011855467","0.001","2","1.19403"
"LexAgs91","0.011855467","0.001","3","1.043739"
"LexAgs91","0.011855467","0.001","4","1.089098"
"LexAgs91","0.011855467","0.001","5","1.139108"
"LexAgs91","0.011855467","0.001","6","1.148593"
"LexAgs91","0.123687361","0.001","1","1.305292"
"LexAgs91","0.123687361","0.001","2","1.278155"
"LexAgs91","0.123687361","0.001","3","1.115017"
"LexAgs91","0.123687361","0.001","4","1.118257"
"LexAgs91","0.123687361","0.001","5","1.154916"
"LexAgs91","0.123687361","0.001","6","1.170724"
"LexAgs91","0.782812757","0.001","1","1.280868"
"LexAgs91","0.782812757","0.001","2","1.321574"
"LexAgs91","0.782812757","0.001","3","1.131217"
"LexAgs91","0.782812757","0.001","4","1.144176"
"LexAgs91","0.782812757","0.001","5","1.151755"
"LexAgs91","0.782812757","0.001","6","1.18337"
"LexAgs91","2.036350173","0.001","1","1.24559"
"LexAgs91","2.036350173","0.001","2","1.204885"
"LexAgs91","2.036350173","0.001","3","1.205735"
"LexAgs91","2.036350173","0.001","4","1.134457"
"LexAgs91","2.036350173","0.001","5","1.192855"
"LexAgs91","2.036350173","0.001","6","1.154916"
"LexAgs91","4.641370673","0.001","1","1.213026"
"LexAgs91","4.641370673","0.001","2","1.210312"
"LexAgs91","4.641370673","0.001","3","1.166856"
"LexAgs91","4.641370673","0.001","4","1.134457"
"LexAgs91","4.641370673","0.001","5","1.148593"
"LexAgs91","4.641370673","0.001","6","1.132785"
"LexAgs91","7.648516866","0.001","1","1.213026"
"LexAgs91","7.648516866","0.001","2","1.085482"
"LexAgs91","7.648516866","0.001","3","1.118257"
"LexAgs91","7.648516866","0.001","4","1.063178"
"LexAgs91","7.648516866","0.001","5","1.085362"
"LexAgs91","7.648516866","0.001","6","1.091685"
"LexAgs91","0.011855467","0.01","1","1.169607"
"LexAgs91","0.011855467","0.01","2","1.253731"
"LexAgs91","0.011855467","0.01","3","1.076138"
"LexAgs91","0.011855467","0.01","4","1.124737"
"LexAgs91","0.011855467","0.01","5","1.120139"
"LexAgs91","0.011855467","0.01","6","1.126462"
"LexAgs91","0.123687361","0.01","1","1.343284"
"LexAgs91","0.123687361","0.01","2","1.427408"
"LexAgs91","0.123687361","0.01","3","1.173335"
"LexAgs91","0.123687361","0.01","4","1.183055"
"LexAgs91","0.123687361","0.01","5","1.189693"
"LexAgs91","0.123687361","0.01","6","1.192855"
"LexAgs91","0.782812757","0.01","1","1.454545"
"LexAgs91","0.782812757","0.01","2","1.202171"
"LexAgs91","0.782812757","0.01","3","1.166856"
"LexAgs91","0.782812757","0.01","4","1.137696"
"LexAgs91","0.782812757","0.01","5","1.18337"
"LexAgs91","0.782812757","0.01","6","1.135947"
"LexAgs91","2.036350173","0.01","1","1.240163"
"LexAgs91","2.036350173","0.01","2","1.218453"
"LexAgs91","2.036350173","0.01","3","1.137696"
"LexAgs91","2.036350173","0.01","4","1.202495"
"LexAgs91","2.036350173","0.01","5","1.14227"
"LexAgs91","2.036350173","0.01","6","1.148593"
"LexAgs91","4.641370673","0.01","1","1.183175"
"LexAgs91","4.641370673","0.01","2","1.213026"
"LexAgs91","4.641370673","0.01","3","1.140936"
"LexAgs91","4.641370673","0.01","4","1.205735"
"LexAgs91","4.641370673","0.01","5","1.151755"
"LexAgs91","4.641370673","0.01","6","1.161239"
"LexAgs91","7.648516866","0.01","1","1.183175"
"LexAgs91","7.648516866","0.01","2","1.069199"
"LexAgs91","7.648516866","0.01","3","1.111777"
"LexAgs91","7.648516866","0.01","4","1.066418"
"LexAgs91","7.648516866","0.01","5","1.0822"
"LexAgs91","7.648516866","0.01","6","1.056908"
"LexAgs91","0.011855467","0.05","1","1.199457"
"LexAgs91","0.011855467","0.05","2","1.305292"
"LexAgs91","0.011855467","0.05","3","1.069658"
"LexAgs91","0.011855467","0.05","4","1.108537"
"LexAgs91","0.011855467","0.05","5","1.120139"
"LexAgs91","0.011855467","0.05","6","1.126462"
"LexAgs91","0.123687361","0.05","1","1.427408"
"LexAgs91","0.123687361","0.05","2","1.473541"
"LexAgs91","0.123687361","0.05","3","1.157136"
"LexAgs91","0.123687361","0.05","4","1.166856"
"LexAgs91","0.123687361","0.05","5","1.132785"
"LexAgs91","0.123687361","0.05","6","1.170724"
"LexAgs91","0.782812757","0.05","1","1.530529"
"LexAgs91","0.782812757","0.05","2","1.327001"
"LexAgs91","0.782812757","0.05","3","1.137696"
"LexAgs91","0.782812757","0.05","4","1.105297"
"LexAgs91","0.782812757","0.05","5","1.107493"
"LexAgs91","0.782812757","0.05","6","1.056908"
"LexAgs91","2.036350173","0.05","1","1.150611"
"LexAgs91","2.036350173","0.05","2","1.139756"
"LexAgs91","2.036350173","0.05","3","1.046979"
"LexAgs91","2.036350173","0.05","4","1.063178"
"LexAgs91","2.036350173","0.05","5","1.037939"
"LexAgs91","2.036350173","0.05","6","1.053746"
"LexAgs91","4.641370673","0.05","1","0.97422"
"LexAgs91","4.641370673","0.05","2","0.957938"
"LexAgs91","4.641370673","0.05","3","0.920622"
"LexAgs91","4.641370673","0.05","4","0.917382"
"LexAgs91","4.641370673","0.05","5","0.889346"
"LexAgs91","4.641370673","0.05","6","0.911476"
"LexAgs91","7.648516866","0.05","1","0.824966"
"LexAgs91","7.648516866","0.05","2","0.789688"
"LexAgs91","7.648516866","0.05","3","0.797505"
"LexAgs91","7.648516866","0.05","4","0.778066"
"LexAgs91","7.648516866","0.05","5","0.778691"
"LexAgs91","7.648516866","0.05","6","0.753399"
"LexAgs91","0.011855467","0.1","1","1.229308"
"LexAgs91","0.011855467","0.1","2","1.43555"
"LexAgs91","0.011855467","0.1","3","1.066418"
"LexAgs91","0.011855467","0.1","4","1.144176"
"LexAgs91","0.011855467","0.1","5","1.056908"
"LexAgs91","0.011855467","0.1","6","1.091685"
"LexAgs91","0.123687361","0.1","1","1.468114"
"LexAgs91","0.123687361","0.1","2","1.446404"
"LexAgs91","0.123687361","0.1","3","1.166856"
"LexAgs91","0.123687361","0.1","4","1.186295"
"LexAgs91","0.123687361","0.1","5","1.129624"
"LexAgs91","0.123687361","0.1","6","1.161239"
"LexAgs91","0.782812757","0.1","1","1.394844"
"LexAgs91","0.782812757","0.1","2","1.213026"
"LexAgs91","0.782812757","0.1","3","1.105297"
"LexAgs91","0.782812757","0.1","4","1.108537"
"LexAgs91","0.782812757","0.1","5","1.037939"
"LexAgs91","0.782812757","0.1","6","1.053746"
"LexAgs91","2.036350173","0.1","1","1.044776"
"LexAgs91","2.036350173","0.1","2","1.04749"
"LexAgs91","2.036350173","0.1","3","1.030779"
"LexAgs91","2.036350173","0.1","4","0.969221"
"LexAgs91","2.036350173","0.1","5","0.901992"
"LexAgs91","2.036350173","0.1","6","1.009485"
"LexAgs91","4.641370673","0.1","1","0.846676"
"LexAgs91","4.641370673","0.1","2","0.824966"
"LexAgs91","4.641370673","0.1","3","0.778066"
"LexAgs91","4.641370673","0.1","4","0.810465"
"LexAgs91","4.641370673","0.1","5","0.936769"
"LexAgs91","4.641370673","0.1","6","0.936769"
"LexAgs91","7.648516866","0.1","1","0.675712"
"LexAgs91","7.648516866","0.1","2","0.700136"
"LexAgs91","7.648516866","0.1","3","0.674388"
"LexAgs91","7.648516866","0.1","4","0.648469"
"LexAgs91","7.648516866","0.1","5","0.652229"
"LexAgs91","7.648516866","0.1","6","0.639583"
"LexAgs91","0.011855467","0.5","1","1.058345"
"LexAgs91","0.011855467","0.5","2","1.175034"
"LexAgs91","0.011855467","0.5","3","1.095578"
"LexAgs91","0.011855467","0.5","4","1.131217"
"LexAgs91","0.011855467","0.5","5","1.069554"
"LexAgs91","0.011855467","0.5","6","1.088524"
"LexAgs91","0.123687361","0.5","1","1.161465"
"LexAgs91","0.123687361","0.5","2","1.153324"
"LexAgs91","0.123687361","0.5","3","1.131217"
"LexAgs91","0.123687361","0.5","4","1.144176"
"LexAgs91","0.123687361","0.5","5","1.079039"
"LexAgs91","0.123687361","0.5","6","1.072716"
"LexAgs91","0.782812757","0.5","1","0.982361"
"LexAgs91","0.782812757","0.5","2","0.990502"
"LexAgs91","0.782812757","0.5","3","0.949781"
"LexAgs91","0.782812757","0.5","4","0.946541"
"LexAgs91","0.782812757","0.5","5","0.879861"
"LexAgs91","0.782812757","0.5","6","0.841922"
"LexAgs91","2.036350173","0.5","1","0.781547"
"LexAgs91","2.036350173","0.5","2","0.773406"
"LexAgs91","2.036350173","0.5","3","0.752146"
"LexAgs91","2.036350173","0.5","4","0.742427"
"LexAgs91","2.036350173","0.5","5","0.709137"
"LexAgs91","2.036350173","0.5","6","0.696491"
"LexAgs91","4.641370673","0.5","1","0.572592"
"LexAgs91","4.641370673","0.5","2","0.572592"
"LexAgs91","4.641370673","0.5","3","0.564231"
"LexAgs91","4.641370673","0.5","4","0.583671"
"LexAgs91","4.641370673","0.5","5","0.551059"
"LexAgs91","4.641370673","0.5","6","0.544736"
"LexAgs91","7.648516866","0.5","1","0.455902"
"LexAgs91","7.648516866","0.5","2","0.458616"
"LexAgs91","7.648516866","0.5","3","0.463794"
"LexAgs91","7.648516866","0.5","4","0.444354"
"LexAgs91","7.648516866","0.5","6","0.468859"
"LexAgs91","0.011855467","1.0","1","1.419267"
"LexAgs91","0.011855467","1.0","2","1.373134"
"LexAgs91","0.011855467","1.0","3","1.241374"
"LexAgs91","0.011855467","1.0","4","1.102057"
"LexAgs91","0.011855467","1.0","5","1.116978"
"LexAgs91","0.011855467","1.0","6","1.0822"
"LexAgs91","0.123687361","1.0","1","1.289009"
"LexAgs91","0.123687361","1.0","2","1.297151"
"LexAgs91","0.123687361","1.0","3","1.176575"
"LexAgs91","0.123687361","1.0","4","1.157136"
"LexAgs91","0.123687361","1.0","5","1.06007"
"LexAgs91","0.123687361","1.0","6","1.072716"
"LexAgs91","0.782812757","1.0","1","1.020353"
"LexAgs91","0.782812757","1.0","2","1.061058"
"LexAgs91","0.782812757","1.0","3","0.813705"
"LexAgs91","0.782812757","1.0","4","0.946541"
"LexAgs91","0.782812757","1.0","5","0.895669"
"LexAgs91","0.782812757","1.0","6","0.889346"
"LexAgs91","2.036350173","1.0","1","0.811398"
"LexAgs91","2.036350173","1.0","2","0.82768"
"LexAgs91","2.036350173","1.0","3","0.726227"
"LexAgs91","2.036350173","1.0","4","0.680868"
"LexAgs91","2.036350173","1.0","5","0.67436"
"LexAgs91","2.036350173","1.0","6","0.661714"
"LexAgs91","4.641370673","1.0","1","0.594301"
"LexAgs91","4.641370673","1.0","2","0.594301"
"LexAgs91","4.641370673","1.0","3","0.531832"
"LexAgs91","4.641370673","1.0","4","0.538312"
"LexAgs91","4.641370673","1.0","5","0.49099"
"LexAgs91","4.641370673","1.0","6","0.484666"
"LexAgs91","7.648516866","1.0","1","0.510176"
"LexAgs91","7.648516866","1.0","2","0.485753"
"LexAgs91","7.648516866","1.0","3","0.437875"
"LexAgs91","7.648516866","1.0","4","0.415195"
"LexAgs91","7.648516866","1.0","5","0.424597"
"LexAgs91","7.648516866","1.0","6","0.437243"
"LexAgs91","0.011855467","10.0","1","1.39213"
"LexAgs91","0.011855467","10.0","2","1.405699"
"LexAgs91","0.011855467","10.0","3","1.221934"
"LexAgs91","0.011855467","10.0","4","1.260813"
"LexAgs91","0.011855467","10.0","5","1.154916"
"LexAgs91","0.011855467","10.0","6","1.148593"
"LexAgs91","0.123687361","10.0","1","1.343284"
"LexAgs91","0.123687361","10.0","2","1.408412"
"LexAgs91","0.123687361","10.0","3","1.176575"
"LexAgs91","0.123687361","10.0","4","1.186295"
"LexAgs91","0.123687361","10.0","5","1.085362"
"LexAgs91","0.123687361","10.0","6","1.088524"
"LexAgs91","0.782812757","10.0","1","1.050204"
"LexAgs91","0.782812757","10.0","2","1.033921"
"LexAgs91","0.782812757","10.0","3","0.907662"
"LexAgs91","0.782812757","10.0","4","0.897943"
"LexAgs91","0.782812757","10.0","5","0.848245"
"LexAgs91","0.782812757","10.0","6","0.835599"
"LexAgs91","2.036350173","10.0","1","0.795115"
"LexAgs91","2.036350173","10.0","2","0.735414"
"LexAgs91","2.036350173","10.0","3","0.674388"
"LexAgs91","2.036350173","10.0","4","0.661429"
"LexAgs91","2.036350173","10.0","5","0.652229"
"LexAgs91","2.036350173","10.0","6","0.658552"
"LexAgs91","4.641370673","10.0","1","0.537313"
"LexAgs91","4.641370673","10.0","2","0.545455"
"LexAgs91","4.641370673","10.0","3","0.489713"
"LexAgs91","4.641370673","10.0","4","0.499433"
"LexAgs91","4.641370673","10.0","5","0.487828"
"LexAgs91","4.641370673","10.0","6","0.500474"
"LexAgs91","7.648516866","10.0","1","0.442334"
"LexAgs91","7.648516866","10.0","2","0.371777"
"LexAgs91","7.648516866","10.0","3","0.376316"
"LexAgs91","7.648516866","10.0","4","0.343917"
"LexAgs91","7.648516866","10.0","5","0.399304"
"LexAgs91","7.648516866","10.0","6","0.374012"
"LexAbs94","0.011855467","0.0","1","0.656716"
"LexAbs94","0.011855467","0.0","2","0.719132"
"LexAbs94","0.011855467","0.0","4","0.661429"
"LexAbs94","0.011855467","0.0","5","0.626936"
"LexAbs94","0.011855467","0.0","6","0.664875"
"LexAbs94","0.123687361","0.0","1","0.670285"
"LexAbs94","0.123687361","0.0","2","0.68114"
"LexAbs94","0.123687361","0.0","3","0.645229"
"LexAbs94","0.123687361","0.0","4","0.680868"
"LexAbs94","0.123687361","0.0","5","0.699652"
"LexAbs94","0.123687361","0.0","6","0.699652"
"LexAbs94","0.782812757","0.0","1","0.672999"
"LexAbs94","0.782812757","0.0","2","0.675712"
"LexAbs94","0.782812757","0.0","3","0.641989"
"LexAbs94","0.782812757","0.0","4","0.651709"
"LexAbs94","0.782812757","0.0","5","0.671198"
"LexAbs94","0.782812757","0.0","6","0.683844"
"LexAbs94","2.036350173","0.0","1","0.643148"
"LexAbs94","2.036350173","0.0","2","0.640434"
"LexAbs94","2.036350173","0.0","3","0.651709"
"LexAbs94","2.036350173","0.0","4","0.641989"
"LexAbs94","2.036350173","0.0","5","0.687006"
"LexAbs94","2.036350173","0.0","6","0.652229"
"LexAbs94","4.641370673","0.0","1","0.613297"
"LexAbs94","4.641370673","0.0","2","0.63772"
"LexAbs94","4.641370673","0.0","3","0.63227"
"LexAbs94","4.641370673","0.0","4","0.61931"
"LexAbs94","4.641370673","0.0","5","0.645906"
"LexAbs94","4.641370673","0.0","6","0.661714"
"LexAbs94","7.648516866","0.0","1","0.597015"
"LexAbs94","7.648516866","0.0","2","0.510176"
"LexAbs94","7.648516866","0.0","3","0.583671"
"LexAbs94","7.648516866","0.0","4","0.538312"
"LexAbs94","7.648516866","0.0","5","0.579513"
"LexAbs94","7.648516866","0.0","6","0.544736"
"LexAbs94","0.011855467","0.001","1","0.616011"
"LexAbs94","0.011855467","0.001","2","0.63772"
"LexAbs94","0.011855467","0.001","3","0.62579"
"LexAbs94","0.011855467","0.001","4","0.684108"
"LexAbs94","0.011855467","0.001","5","0.661714"
"LexAbs94","0.011855467","0.001","6","0.668037"
"LexAbs94","0.123687361","0.001","1","0.656716"
"LexAbs94","0.123687361","0.001","2","0.648575"
"LexAbs94","0.123687361","0.001","3","0.674388"
"LexAbs94","0.123687361","0.001","4","0.697068"
"LexAbs94","0.123687361","0.001","5","0.67436"
"LexAbs94","0.123687361","0.001","6","0.668037"
"LexAbs94","0.782812757","0.001","1","0.678426"
"LexAbs94","0.782812757","0.001","2","0.694708"
"LexAbs94","0.782812757","0.001","3","0.677628"
"LexAbs94","0.782812757","0.001","4","0.697068"
"LexAbs94","0.782812757","0.001","5","0.683844"
"LexAbs94","0.782812757","0.001","6","0.680683"
"LexAbs94","2.036350173","0.001","1","0.662144"
"LexAbs94","2.036350173","0.001","2","0.648575"
"LexAbs94","2.036350173","0.001","3","0.638749"
"LexAbs94","2.036350173","0.001","4","0.63227"
"LexAbs94","2.036350173","0.001","5","0.664875"
"LexAbs94","2.036350173","0.001","6","0.668037"
"LexAbs94","4.641370673","0.001","1","0.599729"
"LexAbs94","4.641370673","0.001","2","0.613297"
"LexAbs94","4.641370673","0.001","3","0.62579"
"LexAbs94","4.641370673","0.001","4","0.59663"
"LexAbs94","4.641370673","0.001","5","0.626936"
"LexAbs94","4.641370673","0.001","6","0.620613"
"LexAbs94","7.648516866","0.001","1","0.537313"
"LexAbs94","7.648516866","0.001","2","0.496608"
"LexAbs94","7.648516866","0.001","3","0.528592"
"LexAbs94","7.648516866","0.001","4","0.541552"
"LexAbs94","7.648516866","0.001","5","0.557382"
"LexAbs94","7.648516866","0.001","6","0.506797"
"LexAbs94","0.011855467","0.01","1","0.632293"
"LexAbs94","0.011855467","0.01","2","0.664858"
"LexAbs94","0.011855467","0.01","3","0.641989"
"LexAbs94","0.011855467","0.01","4","0.671149"
"LexAbs94","0.011855467","0.01","5","0.639583"
"LexAbs94","0.011855467","0.01","6","0.671198"
"LexAbs94","0.123687361","0.01","1","0.68114"
"LexAbs94","0.123687361","0.01","2","0.656716"
"LexAbs94","0.123687361","0.01","3","0.638749"
"LexAbs94","0.123687361","0.01","4","0.641989"
"LexAbs94","0.123687361","0.01","5","0.671198"
"LexAbs94","0.123687361","0.01","6","0.677521"
"LexAbs94","0.782812757","0.01","1","0.635007"
"LexAbs94","0.782812757","0.01","2","0.632293"
"LexAbs94","0.782812757","0.01","3","0.570711"
"LexAbs94","0.782812757","0.01","4","0.554512"
"LexAbs94","0.782812757","0.01","5","0.551059"
"LexAbs94","0.782812757","0.01","6","0.566867"
"LexAbs94","2.036350173","0.01","1","0.379919"
"LexAbs94","2.036350173","0.01","2","0.358209"
"LexAbs94","2.036350173","0.01","3","0.360117"
"LexAbs94","2.036350173","0.01","4","0.366596"
"LexAbs94","2.036350173","0.01","5","0.399304"
"LexAbs94","2.036350173","0.01","6","0.38982"
"LexAbs94","4.641370673","0.01","1","0.173134"
"LexAbs94","4.641370673","0.01","2","0.167164"
"LexAbs94","4.641370673","0.01","3","0.187753"
"LexAbs94","4.641370673","0.01","4","0.175441"
"LexAbs94","4.641370673","0.01","5","0.20645"
"LexAbs94","4.641370673","0.01","6","0.20234"
"LexAbs94","7.648516866","0.01","1","0.097965"
"LexAbs94","7.648516866","0.01","2","0.083311"
"LexAbs94","7.648516866","0.01","3","0.103839"
"LexAbs94","7.648516866","0.01","4","0.092176"
"LexAbs94","7.648516866","0.01","5","0.11761"
"LexAbs94","7.648516866","0.01","6","0.105912"
"LexAbs94","0.011855467","0.05","1","0.656716"
"LexAbs94","0.011855467","0.05","2","0.767978"
"LexAbs94","0.011855467","0.05","3","0.63227"
"LexAbs94","0.011855467","0.05","4","0.684108"
"LexAbs94","0.011855467","0.05","5","0.661714"
"LexAbs94","0.011855467","0.05","6","0.677521"
"LexAbs94","0.123687361","0.05","1","0.591588"
"LexAbs94","0.123687361","0.05","2","0.605156"
"LexAbs94","0.123687361","0.05","3","0.437875"
"LexAbs94","0.123687361","0.05","4","0.467034"
"LexAbs94","0.123687361","0.05","5","0.475182"
"LexAbs94","0.123687361","0.05","6","0.468859"
"LexAbs94","0.782812757","0.05","1","0.171777"
"LexAbs94","0.782812757","0.05","2","0.16445"
"LexAbs94","0.782812757","0.05","3","0.140774"
"LexAbs94","0.782812757","0.05","4","0.136886"
"LexAbs94","0.782812757","0.05","5","0.138476"
"LexAbs94","0.782812757","0.05","6","0.139108"
"LexAbs94","2.036350173","0.05","1","0.054003"
"LexAbs94","2.036350173","0.05","2","0.040434"
"LexAbs94","2.036350173","0.05","3","0.039689"
"LexAbs94","2.036350173","0.05","4","0.040013"
"LexAbs94","2.036350173","0.05","5","0.05185"
"LexAbs94","2.036350173","0.05","6","0.057224"
"LexAbs94","4.641370673","0.05","1","0.026323"
"LexAbs94","4.641370673","0.05","2","0.022524"
"LexAbs94","4.641370673","0.05","3","0.022517"
"LexAbs94","4.641370673","0.05","4","0.020897"
"LexAbs94","4.641370673","0.05","5","0.031299"
"LexAbs94","4.641370673","0.05","6","0.026873"
"LexAbs94","7.648516866","0.05","1","0.018453"
"LexAbs94","7.648516866","0.05","2","0.014654"
"LexAbs94","7.648516866","0.05","3","0.014742"
"LexAbs94","7.648516866","0.05","4","0.009882"
"LexAbs94","7.648516866","0.05","5","0.022131"
"LexAbs94","7.648516866","0.05","6","0.017389"
"LexAbs94","0.011855467","0.1","1","0.675712"
"LexAbs94","0.011855467","0.1","2","0.75441"
"LexAbs94","0.011855467","0.1","3","0.62579"
"LexAbs94","0.011855467","0.1","4","0.664669"
"LexAbs94","0.011855467","0.1","5","0.630098"
"LexAbs94","0.011855467","0.1","6","0.658552"
"LexAbs94","0.123687361","0.1","1","0.412483"
"LexAbs94","0.123687361","0.1","2","0.426052"
"LexAbs94","0.123687361","0.1","3","0.314758"
"LexAbs94","0.123687361","0.1","4","0.324478"
"LexAbs94","0.123687361","0.1","5","0.320266"
"LexAbs94","0.123687361","0.1","6","0.326589"
"LexAbs94","0.782812757","0.1","1","0.100136"
"LexAbs94","0.782812757","0.1","2","0.094166"
"LexAbs94","0.782812757","0.1","3","0.068848"
"LexAbs94","0.782812757","0.1","4","0.075004"
"LexAbs94","0.782812757","0.1","5","0.08473"
"LexAbs94","0.782812757","0.1","6","0.079671"
"LexAbs94","2.036350173","0.1","1","0.028223"
"LexAbs94","2.036350173","0.1","2","0.029308"
"LexAbs94","2.036350173","0.1","3","0.025757"
"LexAbs94","2.036350173","0.1","4","0.022517"
"LexAbs94","2.036350173","0.1","5","0.030035"
"LexAbs94","2.036350173","0.1","6","0.030035"
"LexAbs94","4.641370673","0.1","1","0.018453"
"LexAbs94","4.641370673","0.1","2","0.015739"
"LexAbs94","4.641370673","0.1","3","0.015066"
"LexAbs94","4.641370673","0.1","4","0.013446"
"LexAbs94","4.641370673","0.1","5","0.020866"
"LexAbs94","4.641370673","0.1","6","0.019602"
"LexAbs94","7.648516866","0.1","1","0.015739"
"LexAbs94","7.648516866","0.1","2","0.013569"
"LexAbs94","7.648516866","0.1","3","0.012474"
"LexAbs94","7.648516866","0.1","4","0.00891"
"LexAbs94","7.648516866","0.1","5","0.017705"
"LexAbs94","7.648516866","0.1","6","0.014227"
"LexAbs94","0.011855467","0.5","1","0.68114"
"LexAbs94","0.011855467","0.5","2","0.635007"
"LexAbs94","0.011855467","0.5","3","0.564231"
"LexAbs94","0.011855467","0.5","4","0.62255"
"LexAbs94","0.011855467","0.5","5","0.465697"
"LexAbs94","0.011855467","0.5","6","0.53209"
"LexAbs94","0.123687361","0.5","1","0.126187"
"LexAbs94","0.123687361","0.5","2","0.124559"
"LexAbs94","0.123687361","0.5","3","0.109347"
"LexAbs94","0.123687361","0.5","4","0.104487"
"LexAbs94","0.123687361","0.5","5","0.153019"
"LexAbs94","0.123687361","0.5","6","0.160291"
"LexAbs94","0.782812757","0.5","1","0.034735"
"LexAbs94","0.782812757","0.5","2","0.032564"
"LexAbs94","0.782812757","0.5","3","0.01539"
"LexAbs94","0.782812757","0.5","4","0.021869"
"LexAbs94","0.782812757","0.5","5","0.028454"
"LexAbs94","0.782812757","0.5","6","0.035093"
"LexAbs94","2.036350173","0.5","1","0.024695"
"LexAbs94","2.036350173","0.5","2","0.018725"
"LexAbs94","2.036350173","0.5","3","0.009558"
"LexAbs94","2.036350173","0.5","4","0.012474"
"LexAbs94","4.641370673","0.5","1","0.018996"
"LexAbs94","4.641370673","0.5","2","0.018182"
"LexAbs94","4.641370673","0.5","3","0.01215"
"LexAbs94","4.641370673","0.5","4","0.013446"
"LexAbs94","7.648516866","0.5","1","0.026594"
"LexAbs94","7.648516866","0.5","2","0.027951"
"LexAbs94","7.648516866","0.5","3","0.017334"
"LexAbs94","7.648516866","0.5","4","0.011826"
"LexAbs94","0.011855467","1.0","1","0.716418"
"LexAbs94","0.011855467","1.0","2","0.729986"
"LexAbs94","0.011855467","1.0","3","0.573951"
"LexAbs94","0.011855467","1.0","4","0.63227"
"LexAbs94","0.011855467","1.0","5","0.585836"
"LexAbs94","0.011855467","1.0","6","0.617452"
"LexAbs94","0.123687361","1.0","1","0.102578"
"LexAbs94","0.123687361","1.0","2","0.083311"
"LexAbs94","0.123687361","1.0","3","0.078244"
"LexAbs94","0.123687361","1.0","4","0.075652"
"LexAbs94","0.123687361","1.0","5","0.079987"
"LexAbs94","0.123687361","1.0","6","0.077774"
"LexAbs94","0.782812757","1.0","1","0.025237"
"LexAbs94","0.782812757","1.0","2","0.030665"
"LexAbs94","0.782812757","1.0","3","0.01863"
"LexAbs94","0.782812757","1.0","4","0.022841"
"LexAbs94","0.782812757","1.0","5","0.024028"
"LexAbs94","0.782812757","1.0","6","0.023396"
"LexAbs94","2.036350173","1.0","1","0.026594"
"LexAbs94","2.036350173","1.0","2","0.023881"
"LexAbs94","2.036350173","1.0","3","0.016038"
"LexAbs94","2.036350173","1.0","4","0.014742"
"LexAbs94","2.036350173","1.0","5","0.022447"
"LexAbs94","2.036350173","1.0","6","0.021499"
"LexAbs94","4.641370673","1.0","1","0.031208"
"LexAbs94","4.641370673","1.0","2","0.028765"
"LexAbs94","4.641370673","1.0","3","0.016686"
"LexAbs94","4.641370673","1.0","4","0.009558"
"LexAbs94","4.641370673","1.0","5","0.025292"
"LexAbs94","4.641370673","1.0","6","0.022763"
"LexAbs94","7.648516866","1.0","1","0.032564"
"LexAbs94","7.648516866","1.0","2","0.035821"
"LexAbs94","7.648516866","1.0","3","0.017658"
"LexAbs94","7.648516866","1.0","4","0.01863"
"LexAbs94","7.648516866","1.0","5","0.017705"
"LexAbs94","7.648516866","1.0","6","0.024344"
"LexAbs94","0.011855467","10.0","1","0.613297"
"LexAbs94","0.011855467","10.0","2","0.640434"
"LexAbs94","0.011855467","10.0","3","0.567471"
"LexAbs94","0.011855467","10.0","4","0.60635"
"LexAbs94","0.011855467","10.0","5","0.544736"
"LexAbs94","0.011855467","10.0","6","0.601644"
"LexAbs94","0.123687361","10.0","1","0.053189"
"LexAbs94","0.123687361","10.0","2","0.058073"
"LexAbs94","0.123687361","10.0","3","0.047789"
"LexAbs94","0.123687361","10.0","4","0.046817"
"LexAbs94","0.123687361","10.0","5","0.044578"
"LexAbs94","0.123687361","10.0","6","0.048688"
"LexAbs94","0.782812757","10.0","1","0.030665"
"LexAbs94","0.782812757","10.0","2","0.026866"
"LexAbs94","0.782812757","10.0","3","0.021869"
"LexAbs94","0.782812757","10.0","4","0.021869"
"LexAbs94","0.782812757","10.0","5","0.027189"
"LexAbs94","0.782812757","10.0","6","0.026557"
"LexAbs94","2.036350173","10.0","1","0.024423"
"LexAbs94","2.036350173","10.0","2","0.029579"
"LexAbs94","2.036350173","10.0","3","0.020249"
"LexAbs94","2.036350173","10.0","4","0.023165"
"LexAbs94","2.036350173","10.0","5","0.026557"
"LexAbs94","2.036350173","10.0","6","0.02055"
"LexAbs94","4.641370673","10.0","1","0.032293"
"LexAbs94","4.641370673","10.0","2","0.032836"
"LexAbs94","4.641370673","10.0","3","0.027053"
"LexAbs94","4.641370673","10.0","4","0.023165"
"LexAbs94","4.641370673","10.0","5","0.028454"
"LexAbs94","4.641370673","10.0","6","0.022131"
"LexAbs94","7.648516866","10.0","1","0.03962"
"LexAbs94","7.648516866","10.0","2","0.029037"
"LexAbs94","7.648516866","10.0","3","0.054917"
"LexAbs94","7.648516866","10.0","4","0.022517"
"LexAbs94","7.648516866","10.0","5","0.027506"
"LexAbs94","7.648516866","10.0","6","0.018337"
